uf,unidades_entregues,deficit_habitacional,percentual_cobertura
AL,458,31453,1.4561409086573618
BA,232,51982,0.4463083375014428
CE,1540,170207,0.9047806494444999
MA,0,58539,0.0
MG,496,91552,0.541768612373296
PA,1252,79918,1.566605770915188
PB,819,124428,0.6582119780113801
PE,672,183596,0.3660210462101571
PI,934,105349,0.8865769964593875
RN,321,140846,0.2279084958039277
SE,991,84702,1.1699841798304644
TO,398,213897,0.186070865884047
