modalidade,valor_total,percentual
Faixa 1,2306632853.27,31.661422815673866
Faixa 2,2945894710.9,40.436091890409095
Faixa 3,2032782596.08,27.902485293917035
